titulo,empresa,categoria,tipo,salario,localizacao,link
Head of Engineering,Lemon.io,Software Development,full-time,unspecified,"USA timezones, European timezones",https://remotive.com/remote-jobs/software-development/head-of-engineering-2089995
Senior Independent AI Engineer / Architect,A.Team,Software Development,contract,$120 - $170 /hour,"Americas, Europe, Israel",https://remotive.com/remote-jobs/software-development/senior-independent-ai-engineer-architect-1919266
Senior Independent Software Developer,A.Team,Software Development,contract,$90 - $150 /hour,"Americas, Europe, Israel",https://remotive.com/remote-jobs/software-development/senior-independent-software-developer-1919265
Senior Full-stack React Developer,Lemon.io,Software Development,contract,unspecified,"Americas, Europe, Asia, Oceania",https://remotive.com/remote-jobs/software-development/senior-full-stack-react-developer-2088711
Tech Lead Full-Stack Rails Engineer,Mitre Media,Software Development,full-time,$170k - $200k,"USA, Canada, USA timezones",https://remotive.com/remote-jobs/software-development/tech-lead-full-stack-rails-engineer-2069746
Senior Frontend Developer,Sanctuary Computer,Software Development,contract,$80k - $120k,"Latin America (LATAM), Asia",https://remotive.com/remote-jobs/software-development/senior-frontend-developer-2088707
"🇩🇪 Senior/Staff Software Engineer PHP, TS, Rust, Kotlin (m/w/d)",easybill GmbH,Software Development,full-time,unspecified,Germany,https://remotive.com/remote-jobs/software-development/senior-staff-software-engineer-php-ts-rust-kotlin-m-w-d-2088708
iOS Developer,nooro,Software Development,full-time,$60k-$130k (depending on experience),USA,https://remotive.com/remote-jobs/software-development/ios-developer-1956455
Fullstack Developer (US - ET),Chooose,Software Development,full-time,unspecified,USA,https://remotive.com/remote-jobs/software-development/fullstack-developer-us-et-2088706
Ruby On Rails Backend Engineer,Axented,Software Development,full-time,"55,000 - 70,000 mxn per month",Mexico,https://jobs.gohire.io/axented-su9lyitg/ruby-on-rails-backend-engineer-267779?utm_source=remotive.com&ref=remotive.com
Junior/Mid Full Stack Engineer,CORPOSOSTENIBILE,Software Development,full-time,unspecified,Europe,https://corposostenibile.factorial.it/apply/junior-mid-full-stack-engineer-react-python-in-partita-iva-full-remote-297583?utm_source=remotive.io
Principal Cloud Engineer,COMAGINE HEALTH,Software Development,full-time,"usd 125,000 - 160,000 per year",USA,https://workforcenow.adp.com/mascsr/default/mdf/recruitment/recruitment.html?cid=fb904576-33e2-4c0d-96b1-71006998685c&jobId=589166
Python/Cloud Platform Developer,Encora,Software Development,full-time,unspecified,Brazil,https://careers.encora.com/application?5045172007&gh_jid=5045172007
Software Engineering Manager,CAVISTA,Software Development,full-time,unspecified,Nigeria,https://jobs.smartrecruiters.com/CAVISTA/744000123470439-software-engineering-manager
Software Engineer,"Management Science Associates, Inc.",Software Development,full-time,unspecified,USA,https://fa-exdf-saasfaprod1.fa.ocs.oraclecloud.com/hcmUI/CandidateExperience/en/sites/CX_1001/job/154
Senior Software Engineer Code Scanning,"GitHub, Inc.",Software Development,full-time,"usd $124,000.00 - usd $329,200.00 /yr.",USA,https://githubinc.jibeapply.com/jobs/5339
Freelance Kotlin Developer,ProMedia Group ,Software Development,full-time,eur 20 - 25 per hour,Poland,https://jobs.smartrecruiters.com/ProMediaGroup/744000123463774-freelance-kotlin-developer-fulltime-
Salesforce Solution Architect Principal,Cummins,Software Development,full-time,"usd 105,600 - 158,400 per year",USA,https://fa-espx-saasfaprod1.fa.ocs.oraclecloud.com/hcmUI/CandidateExperience/en/sites/CX_1/job/2425417
Web Developer & AI Specialist,Remote VA,Software Development,full-time,unspecified,Pakistan,https://jobs.workable.com/view/ifBz11BDaKovw94A3VAm54/remote-web-developer-%26-ai-specialist-in-pakistan-at-remote-va
Developer Relations Engineer,Runware,Software Development,full-time,unspecified,USA,https://jobs.workable.com/view/kgPJDNoCSWVS5ewX7Z5yso/remote-developer-relations-engineer-in-san-francisco-at-runware
"Software Developer, Backend",Leap Tools,Software Development,full-time,"cad 65,000 - 115,000 per year",Worldwide,https://jobs.gem.com/leap-tools/am9icG9zdDqiObt6SeSfFvc-09jG4oCy
"Software Developer, React/NextJS",Leap Tools,Software Development,full-time,"cad 65,000 - 115,000 per year",Worldwide,https://jobs.gem.com/leap-tools/am9icG9zdDo-q94HmUsrwBQapI2Dyz4x
"Software Developer, Full Stack",Leap Tools,Software Development,full-time,"cad 65,000 - 115,000 per year",Worldwide,https://jobs.gem.com/leap-tools/am9icG9zdDorWg9EHzs6qrqnhkk4KWCj
Developer Experience Engineer,Arbor Education,Software Development,full-time,"gbp 80,000 - 90,000 per year",Worldwide,https://jobs.workable.com/view/aQ5MhCh4Sq323JDM9B4W1x/remote-developer-experience-engineer-(devex)-in-united-kingdom-at-arbor-education
Senior Backend Software Engineer,iFood,Software Development,full-time,unspecified,Brazil,https://job-boards.greenhouse.io/ifoodcarreiras/jobs/8496496002
Salesforce Architect,Zensar,Software Development,full-time,unspecified,India,https://fa-etvl-saasfaprod1.fa.ocs.oraclecloud.com/hcmUI/CandidateExperience/en/sites/CX_1/job/144728
Optimizely Developer (CMS/Commerce | .NET),robusta,Software Development,contract,unspecified,"Northern America, Americas, Latin America (LATAM), Europe, Asia, Africa, APAC, Eastern Europe, Middle Africa, Northern Africa",https://jobs.workable.com/view/6ozm1NQS9rejbJt4GhMyAo/optimizely-developer-(cms%2Fcommerce-%7C-.net)---remote---8-months---octopus-by-rtg-in-jordan-at-robusta
Senior Python Developer,Intellectsoft,Software Development,full-time,unspecified,Worldwide,https://jobs.workable.com/view/v3AyRXAThCRByZCpT48Wxd/remote-senior-python-developer-(ir-515)-in-bulgaria-at-intellectsoft
Mid-Level Software Developer,Activate Group Limited,Software Development,full-time,unspecified,Worldwide,https://activate-group-limited.breezy.hr/p/c8d5e775123201-mid-level-software-developer?source=remotive
Middle Java Developer,Miratech,Software Development,full-time,unspecified,Worldwide,https://jobs.smartrecruiters.com/Miratech1/744000123431850-middle-java-developer
Software Engineer II - Backend - PHP,Fandom,Software Development,full-time,"pln 156,420 per year",Poland,https://about.fandom.com/careers/listing/7838506?gh_jid=7838506
Full Stack Engineer,First Connect Insurance,Software Development,contract,"pln 23,000 - 26,000 per month",Poland,https://job-boards.greenhouse.io/firstconnectinsurance/jobs/5199277008
Senior Full-Stack Software Engineer,UL Solutions,Software Development,full-time,unspecified,"Poland, Italy",https://fa-eups-saasfaprod1.fa.ocs.oraclecloud.com/hcmUI/CandidateExperience/en/sites/CX_1/job/9215
Senior Full-stack Developer,Sigma Software,Software Development,full-time,unspecified,"Latin America (LATAM), Europe",https://jobs.smartrecruiters.com/SigmaSoftware2/744000123424859-senior-full-stack-developer
Software Engineer - Client-facing Apps,Blueground,Software Development,full-time,unspecified,Worldwide,https://jobs.workable.com/view/dFhVgCHYPrkkMSz4WseZ9e/remote-software-engineer---client-facing-apps-in-greece-at-blueground
Head of Engineering,Lemon.io,Software Development,full-time,unspecified,"USA timezones, European timezones",https://remotive.com/remote-jobs/software-development/head-of-engineering-2089995
Senior Independent AI Engineer / Architect,A.Team,Software Development,contract,$120 - $170 /hour,"Americas, Europe, Israel",https://remotive.com/remote-jobs/software-development/senior-independent-ai-engineer-architect-1919266
Senior Independent Software Developer,A.Team,Software Development,contract,$90 - $150 /hour,"Americas, Europe, Israel",https://remotive.com/remote-jobs/software-development/senior-independent-software-developer-1919265
Freelance Writer,IAPWE,Writing,freelance,$50-$75 /hour,Worldwide,https://remotive.com/remote-jobs/writing/freelance-writer-1185979
Content Reviewer - US,TELUS Digital,Writing,part-time,$14/hour,USA,https://remotive.com/remote-jobs/all-others/content-reviewer-us-2089990
Senior Full-stack React Developer,Lemon.io,Software Development,contract,unspecified,"Americas, Europe, Asia, Oceania",https://remotive.com/remote-jobs/software-development/senior-full-stack-react-developer-2088711
Tech Lead Full-Stack Rails Engineer,Mitre Media,Software Development,full-time,$170k - $200k,"USA, Canada, USA timezones",https://remotive.com/remote-jobs/software-development/tech-lead-full-stack-rails-engineer-2069746
Online Data Analyst United States,TELUS Digital,Data and Analytics,part-time,unspecified,USA,https://remotive.com/remote-jobs/all-others/online-data-analyst-united-states-2088710
Office Assistant,Coalition Technologies ,Marketing,full-time,"$31,2k- $52k",Worldwide,https://remotive.com/remote-jobs/marketing/office-assistant-1680495
Senior Frontend Developer,Sanctuary Computer,Software Development,contract,$80k - $120k,"Latin America (LATAM), Asia",https://remotive.com/remote-jobs/software-development/senior-frontend-developer-2088707
Online Data Analyst (United States/Spanish speakers),TELUS Digital,Data and Analytics,part-time,unspecified,USA,https://remotive.com/remote-jobs/all-others/online-data-analyst-united-states-spanish-speakers-2088704
Copywriter,Coalition Technologies ,Writing,freelance,$20k -$35k,Worldwide,https://remotive.com/remote-jobs/writing/copywriter-1749306
Operations software assistant,Bulldog Digital Media,Operations,freelance,"$12k - $19k (35 hrs/week, freelance)","Europe, European timezones",https://remotive.com/remote-jobs/operations/operations-software-assistant-2090000
Mid/Senior AI Video Artist,EverAI,Marketing,full-time,-,Worldwide,https://remotive.com/remote-jobs/marketing/mid-senior-ai-video-artist-2089994
AI Engineer,Dry Ground AI,Artificial Intelligence ,full-time,$40- $60k,"Brazil, Colombia, Philippines",https://remotive.com/remote-jobs/artificial-intelligence/ai-engineer-2089958
Customer Retention Manager,AutoHDR,Customer Service,full-time,unspecified,USA,https://remotive.com/remote-jobs/customer-service/customer-retention-manager-2088656
Customer Support Representative,AutoHDR,Customer Service,full-time,unspecified,USA,https://remotive.com/remote-jobs/customer-service/customer-support-representative-2088655
"🇩🇪 Senior/Staff Software Engineer PHP, TS, Rust, Kotlin (m/w/d)",easybill GmbH,Software Development,full-time,unspecified,Germany,https://remotive.com/remote-jobs/software-development/senior-staff-software-engineer-php-ts-rust-kotlin-m-w-d-2088708
iOS Developer,nooro,Software Development,full-time,$60k-$130k (depending on experience),USA,https://remotive.com/remote-jobs/software-development/ios-developer-1956455
Fullstack Developer (US - ET),Chooose,Software Development,full-time,unspecified,USA,https://remotive.com/remote-jobs/software-development/fullstack-developer-us-et-2088706
Customer Success Team Lead (German Speaking),Filestage,Customer Service,full-time,unspecified,"Europe, EMEA",https://remotive.com/remote-jobs/customer-service/customer-success-team-lead-german-speaking-2088697
Medical Billing and Coding Specialist,QuickVisit Urgent Care,Medical,full-time,unspecified,USA,https://recruiting.paylocity.com/Recruiting/Jobs/Details/4122220
Tier 3 Network Engineer,Magna5 MS LLC,Information Technology,full-time,unspecified,USA,https://recruiting.paylocity.com/Recruiting/Jobs/Details/4122040
"Senior Director, Denials",Aspirion,All Others,full-time,unspecified,USA,https://recruiting.paylocity.com/Recruiting/Jobs/Details/4119913
Tax Manager,The Redesign Group,Finance,full-time,"usd 120,000 - 150,000 per year",USA,https://ats.rippling.com/redesigncareers/jobs/848bff4a-3ccb-4af9-99d6-b6ebd48ac157
Project Manager,Clubessential Holdings,Project Management,full-time,unspecified,USA,https://ats.rippling.com/clubessential-holdings-cjb/jobs/422e55cf-5b68-4da9-b65d-d1400672db66
Financial Reporting Analyst,Tidal Financial Group,Finance,full-time,"usd 70,000 - 90,000 per year",USA,https://ats.rippling.com/open-roles/jobs/66e01c90-4edf-48dd-8291-0c745ff589fd
Customer Service Representative,Pet Supplies Plus,Customer Service,full-time,usd 17 - 18 per hour,USA,https://careers-petsuppliesplus.icims.com/jobs/16710/customer-service-representative---remote-eligible/job
Ruby On Rails Backend Engineer,Axented,Software Development,full-time,"55,000 - 70,000 mxn per month",Mexico,https://jobs.gohire.io/axented-su9lyitg/ruby-on-rails-backend-engineer-267779?utm_source=remotive.com&ref=remotive.com
Customer Service Specialist,Alphanumeric Systems,Customer Service,full-time,19.06 ca$ per hour,Canada,https://alphanumeric-systems.breezy.hr/p/c6647e44db3b01-customer-service-call-center-specialist-pharmaceuticals-service-center-remote-based-in-canada?source=remotive
"Motor Engineer, AI Integration",Activate Group Limited,Artificial Intelligence ,temporary,unspecified,UK,https://activate-group-limited.breezy.hr/p/c72cbb5c285401-motor-engineer-ai-integration-automotive-fixed-term?source=remotive
Customer Success Manager II,AbsenceSoft,Customer Service,full-time,"usd 75,877 - 94,846 per year",USA,https://ats.rippling.com/absencesoft/jobs/70deb81c-014d-4cab-aceb-87b918761448
AI Data Trainer,Gramian Consulting Group,Artificial Intelligence ,contract,unspecified,India,https://jobs.workable.com/view/jGFf6BF6ZN4hhLnKAYRugy/remote-ai-data-trainer-(health-%26-wellness-personalization---gemini)-in-india-at-gramian-consulting-group
Junior/Mid Full Stack Engineer,CORPOSOSTENIBILE,Software Development,full-time,unspecified,Europe,https://corposostenibile.factorial.it/apply/junior-mid-full-stack-engineer-react-python-in-partita-iva-full-remote-297583?utm_source=remotive.io
Trainer for IT Specialists,GFN GmbH,Teaching,full-time,unspecified,Germany,https://join.com/companies/gfn/16078623-trainer-dozenten-m-w-x-fuer-fachinformatiker-m-w-x?pid=aae2f260d3eca542896a
Online Data Analyst United States,TELUS Digital,Data and Analytics,part-time,unspecified,USA,https://remotive.com/remote-jobs/all-others/online-data-analyst-united-states-2088710
Online Data Analyst (United States/Spanish speakers),TELUS Digital,Data and Analytics,part-time,unspecified,USA,https://remotive.com/remote-jobs/all-others/online-data-analyst-united-states-spanish-speakers-2088704
Junior Continuous Improvement Analyst,iFood,Data and Analytics,full-time,unspecified,Germany,https://job-boards.greenhouse.io/ifoodcarreiras/jobs/8497504002
Senior Data Engineer,Unite Us,Data and Analytics,full-time,"usd 145,000 - 175,000 per year",USA,https://job-boards.greenhouse.io/uniteus/jobs/8462774002
Data Engineer,Unite Us,Data and Analytics,full-time,"usd 115,000 - 135,000 per year",USA,https://job-boards.greenhouse.io/uniteus/jobs/8462816002
Data Analyst,InPost,Data and Analytics,full-time,unspecified,Worldwide,https://jobs.smartrecruiters.com/InPost/744000123438481-data-analyst-m-f-d-
Business Analyst (Enterprise Systems | AI-First Delivery),Dhan AI Inc.,Data and Analytics,full-time,unspecified,Worldwide,https://dhan.freshteam.com/jobs/1T_weMhJYbCs/business-analyst
Healthcare Data Analyst,COMAGINE HEALTH,Data and Analytics,full-time,"usd 83,000 - 104,000 per year",USA,https://workforcenow.adp.com/mascsr/default/mdf/recruitment/recruitment.html?cid=fb904576-33e2-4c0d-96b1-71006998685c&jobId=589272
Data Engineering Manager,Gradient AI,Data and Analytics,full-time,"usd 170,000 - 205,000 per year",Worldwide,https://job-boards.greenhouse.io/gradientai/jobs/7695407003
Senior Healthcare Data Analyst,COMAGINE HEALTH,Data and Analytics,full-time,"usd 92,000 - 120,000 per year",USA,https://workforcenow.adp.com/mascsr/default/mdf/recruitment/recruitment.html?cid=fb904576-33e2-4c0d-96b1-71006998685c&jobId=589271
Senior Data Analyst,Globaldev Group,Data and Analytics,full-time,unspecified,Worldwide,https://jobs.workable.com/view/qcyBuC5uktLpP7Pp5fcPxh/remote-senior-data-analyst-in-poland-at-globaldev-group
Senior Nice CXOne Business Analyst,Miratech,Data and Analytics,full-time,unspecified,Worldwide,https://jobs.smartrecruiters.com/Miratech1/744000123448749-senior-nice-cxone-business-analyst
Senior Data Specialist,Alex Staff Agency,Data and Analytics,full-time,unspecified,"UTC-5 to UTC-3, GMT (UTC+0), EET (UTC+2)",https://jobs.workable.com/view/jqyzgVTYoWAF2jJuD5Sgdw/remote-senior-data-specialist-in-hungary-at-alex-staff-agency
Data Architect,New Era Technology,Data and Analytics,contract,unspecified,India,https://job-boards.greenhouse.io/neweratech/jobs/8526177002
Senior Data Scientist,Arco Educação ,Data and Analytics,full-time,unspecified,Germany,https://job-boards.greenhouse.io/arcoeducacao/jobs/5983293004
Senior Business Analyst APM / Observability,Coopers Group AG,Data and Analytics,full-time,unspecified,Switzerland,https://join.com/companies/iet/16076435-senior-business-analyst-apm-observability-devops-umfeld?pid=aae2f260d3eca542896a
Business Analyst Monitoring & Observability,IQ Plus AG,Data and Analytics,full-time,unspecified,Switzerland,https://join.com/companies/iqplus/16077022-business-analyst-monitoring-und-observability-m-w-d-80-100-76027?pid=aae2f260d3eca542896a
Technical Data Manager,BMF Media Information Technology GmbH,Data and Analytics,full-time,unspecified,Germany,https://join.com/companies/bmfgroupde/16077037-technical-data-manager-m-w-d?pid=aae2f260d3eca542896a
Senior Data Scientist,Referrals Only,Data and Analytics,full-time,"gbp 80,000 - 95,000 per year",UK,https://job-boards.greenhouse.io/monzoreferrals/jobs/7861424
Senior Data Engineer,UL Solutions,Data and Analytics,full-time,unspecified,"Poland, Italy",https://fa-eups-saasfaprod1.fa.ocs.oraclecloud.com/hcmUI/CandidateExperience/en/sites/ULSolutionsCareers/job/9214
Data Entry Specialist,JayWay Travel,Data and Analytics,contract,unspecified,Europe,https://ats.rippling.com/jayway-travel-inc-openroles/jobs/c69de8ed-56b4-44f8-8eed-a3e44e254527
LLM_Egocentric_COSMOS_night shift,Zensar,Data and Analytics,full-time,unspecified,India,https://fa-etvl-saasfaprod1.fa.ocs.oraclecloud.com/hcmUI/CandidateExperience/en/sites/CX_1/job/144509
Senior Data Modeler,Fusion Consulting,Data and Analytics,full-time,unspecified,Worldwide,https://jobs.smartrecruiters.com/FusionConsulting/744000123388679-senior-data-modeler-snowflake-
Business Intelligence Engineer,Trinetix,Data and Analytics,full-time,unspecified,Argentina,https://jobs.workable.com/view/nLzAn2fmu1vGLcmMzghLpg/remote-business-intelligence-engineer-in-argentina-at-trinetix
BI Platform & Data Automation Engineer,loyos bi GmbH,Data and Analytics,full-time,unspecified,Germany,https://join.com/companies/loyos-bi/16076121-bi-platform-und-data-automation-engineer-m-w-d-powerbi-power-automate-und-microsoft-fabric?pid=aae2f260d3eca542896a
Pipeline Integrity Data Analyst,"PROtect, LLC",Data and Analytics,temporary,unspecified,USA,https://jobs.dayforcehcm.com/en-US/protectllc/CANDIDATEPORTAL/jobs/819
Data Engineering Consultant,Zensar,Data and Analytics,full-time,unspecified,India,https://fa-etvl-saasfaprod1.fa.ocs.oraclecloud.com/hcmUI/CandidateExperience/en/sites/CX_1/job/144733
Business Analyst,GFT Technologies SE,Data and Analytics,full-time,unspecified,Worldwide,https://jobs.gft.com/job/Milano-Business-Analyst-1-1-1-1-1-1-20139/1280948301/
Claims Analytics Manager,"Rialtic, Inc.",Data and Analytics,full-time,unspecified,USA,https://job-boards.greenhouse.io/rialtic/jobs/7608898003
DATA ANALYTICS ENGINEER,LITIT,Data and Analytics,full-time,€4700 - €5700 (gross) / month,Lithuania,https://litit.recruitee.com/o/data-analytics-engineer
Business Analyst 4,Comcast,Data and Analytics,full-time,unspecified,Worldwide,https://comcast.wd5.myworkdayjobs.com/Comcast_Careers/job/India---Chennai-Comcast-India-Engineering-Cent/Business-Analyst-4_R431663
"Business System Analyst, Clinical Data Management",NAMSA,Data and Analytics,full-time,"usd 83,500 - 110,000 per year",USA,https://namsa.wd5.myworkdayjobs.com/NAMSA/job/Remote---USA/Business-System-Analyst--Clinical-Data-Management_R5196
"Manager, Data Engineering",Visa,Data and Analytics,full-time,unspecified,Worldwide,https://visa.wd5.myworkdayjobs.com/Visa/job/BR---Remote---Brazil/Manager--Data-Engineering_REF077710W
Associate Biostatistics Director,IQVIA,Data and Analytics,full-time,unspecified,Worldwide,https://iqvia.wd1.myworkdayjobs.com/IQVIA/job/Reading-Berkshire-United-Kingdom/Associate-Director-Biostatistics--Rare-Disease--FSP_R1503450
Clinical Data Configuration Engineer,ICON plc,Data and Analytics,full-time,unspecified,India,https://icon.wd3.myworkdayjobs.com/broadbean_external/job/India-Bangalore/Job-Posting-Title-Clinical-Data-Configuration-Engineer_JR148509
Senior DevSecOps Engineer,NoFraud,Devops,full-time,unspecified,Brazil,https://jobs.gem.com/nofraud/am9icG9zdDrrIF8QxHkgIxXilMBYLAK0
DevOps Engineer,Sisense,Devops,full-time,unspecified,Ukraine,https://www.sisense.com/about/careers/7861157?gh_jid=7861157
L2 DevOps Engineer,OpenFX,Devops,full-time,unspecified,India,https://job-boards.greenhouse.io/openfx/jobs/5115338008
Senior DevOps Engineer,Nexla,Devops,full-time,unspecified,India,https://job-boards.greenhouse.io/nexla/jobs/4686095005
Cloud And Network Engineer,Intelassist,Devops,contract,unspecified,USA,https://intelassist.breezy.hr/p/0a02ff1081e4-project-based-cloud-and-network-engineer-us-based-client?source=remotive
Senior DevSecOps Engineer,Benchmark Solutions LLC,Devops,full-time,"usd 150,000 - 180,000 per year",USA,https://recruiting.paylocity.com/Recruiting/Jobs/Details/4120432
Staff Site Reliability Engineer,Visa,Devops,full-time,unspecified,Worldwide,https://visa.wd5.myworkdayjobs.com/Visa/job/BR---Remote---Brazil/Staff-Site-Reliability-Engineer_REF079682W
"Customer Site Reliability Engineer - OpenShift Managed Cloud Services (Kubernetes/AWS/Azure, Linux)",Red River,Devops,full-time,unspecified,India,https://redhat.wd5.myworkdayjobs.com/Jobs/job/Remote-India/R-055493-Customer-Site-Reliability-Engineer---OpenShift-Managed-Cloud-Services--Kubernetes-AWS-Azure--Linux-_R-056253
DevOps Engineer,Testify.ai,Devops,full-time,unspecified,USA,https://jobs.gohire.io/testifyai-6ok69da8/devops-engineer-46433?utm_source=remotive.com&ref=remotive.com
DevOps Engineer,Nuvolar,Devops,full-time,unspecified,Spain,https://job-boards.eu.greenhouse.io/nuvolar/jobs/4848103101
DevOps Engineers,In All Media Inc,Devops,full-time,unspecified,Latin America (LATAM),https://inallmedia-llc.breezy.hr/p/c333dea13eb9-devops-engineers-1935-1936-1937?source=remotive
Senior DevOps Engineer,Akido,Devops,full-time,"usd 170,000 - 200,000 per year",USA,https://job-boards.greenhouse.io/akidolabs/jobs/4675209006
DevOps Tech Lead,Axonius,Devops,full-time,"usd 172,827 - 216,600 per year",USA,https://www.axonius.com/company/careers/open-jobs?gh_jid=7715152003
Configuration Manager (Senior),DLS Engineering,Devops,full-time,"usd 70,000 - 72,000 per year",USA,https://ats.rippling.com/dlsengineering/jobs/b7341936-e63f-4d6f-ab63-19243d51b747
Principal Platform Architect,ServiceNow,Devops,full-time,unspecified,EMEA,https://jobs.smartrecruiters.com/ServiceNow/744000123212675-principal-platform-architect
Senior DevOps Engineer,Avenga,Devops,full-time,unspecified,Poland,https://career.avenga.com/jobs/7641605-senior-devops-engineer
Site Reliability Engineer,66degrees,Devops,full-time,unspecified,Worldwide,https://job-boards.greenhouse.io/66degrees/jobs/5774410004
Senior AWS DevSecOps,Poland and Eastern Europe,Devops,full-time,unspecified,Europe,https://job-boards.greenhouse.io/xebiacee/jobs/5982346004
Technical DevOps / Infrastructure Engineer,Deep Origin,Devops,full-time,unspecified,Mexico,https://jobs.workable.com/view/63KhEpVDQB2cTQNmRFZgWS/remote-technical-devops-%2F-infrastructure-engineer-in-mexico-at-deep-origin
Principal DevOps Engineer,CESIT,Devops,full-time,unspecified,Worldwide,https://cesltd.freshteam.com/jobs/5gPTFI7uQ4OT/principal-devops-engineer-3133-remote
DevOps Engineer,Swish Analytics,Devops,full-time,unspecified,USA,https://swishanalytics.na.teamtailor.com/jobs/598172-devops-engineer
Systems Engineer,Azeus Convene,Devops,full-time,unspecified,Saudi Arabia,https://jobs.workable.com/view/gBbC2tD67r3LDbp534g4NW/remote-systems-engineer---ksa-in-riyadh-province-at-azeus-convene
Senior Production Support Engineer,TechGrove by Banyan Software,Devops,full-time,unspecified,India,https://job-boards.greenhouse.io/techgrovebybanyansoftware/jobs/5119836007
Infrastructure Engineer,"Bayesian Health, Inc.",Devops,full-time,unspecified,USA,https://jobs.ashbyhq.com/bayesianhealth/afb98055-5ebe-43a2-b319-ea0936a3b921
SecOps Engineer,Addi,Devops,full-time,unspecified,Colombia,https://jobs.ashbyhq.com/addi/0e2f3b0f-cdd1-46ca-9fc0-711be80ba4c7
IaaS Engineer,Mayflower,Devops,full-time,unspecified,Worldwide,https://mayflower.recruitee.com/o/iaas-engineer
DevSecOps Engineer,Leidos,Devops,full-time,"usd 107,900 - 195,050 per year",USA,https://leidos.wd5.myworkdayjobs.com/External/job/Remote-US/DevSecOps-Engineer--Secret-clearance-_R-00181888-1
Cloud Infrastructure Cost Analyst,Qdrant,Devops,full-time,unspecified,Worldwide,https://jobs.ashbyhq.com/qdrant.tech/c13adc26-fdfd-428a-b234-de2db5e0283e
UNIX/LINUX System Engineer,Leidos,Devops,full-time,"usd 87,100 - 157,450 per year",USA,https://leidos.wd5.myworkdayjobs.com/External/job/6314-RemoteTeleworker-US/UNIX-LINUX-System-Engineer_R-00181681
"Manager, DevOps Engineering",Teladoc Health,Devops,full-time,"usd 261,248 per year",USA,https://teladoc.wd503.myworkdayjobs.com/teladochealth_is_hiring/job/USA---NY-New-York-City/Manager--DevOps-Engineering_JR20512
DevOps Engineer - Data Platforms,CVS Health,Devops,full-time,"usd 101,970 - 203,940 per year",USA,https://cvshealth.wd1.myworkdayjobs.com/CVS_Health_Careers/job/CT---Work-from-home/DevOps-Engineer---Data-Platforms_R0883803
"Developer, Dev-Ops Engineering",Merative,Devops,full-time,"inr 980,266.7 - 1,820,495.3 per year",India,https://merative.wd12.myworkdayjobs.com/External_Career_Site/job/Hyderabad/Developer--Dev-Ops-Engineering_JR01576
Professional Configuration Management,Gainwell Technologies LLC,Devops,full-time,"usd 58,200 - 83,200 per year",USA,https://jobs.gainwelltechnologies.com/job/Any-city-Professional-Configuration-Management-PA-99999/1385785100/
DevOps Engineer,"ImmunityBio, Inc.",Devops,full-time,"usd 130,500 - 150,000 per year",USA,https://nant.wd5.myworkdayjobs.com/ImmunityBio/job/Remote/DevOps-Engineer_R2958
Sr. DevOps Engineer,Genesys,Devops,full-time,"cad 115,300 - 149,200 per year",Canada,https://genesys.wd1.myworkdayjobs.com/Genesys/job/Toronto-Flexible/Sr-DevOps-Engineer_JR110360-1
